id;user_name;email;password;status;created_at;updated_at;created_by;updated_by
1;steak;Kathlyn_Sipes@yahoo.com;forenenst;uh-huh and trundle;2023-10-12T20:15:04;2023-10-13T02:37:49;invoice why who;wonderfully affiliate
2;once by gadzooks;Agnes29@gmail.com;venerate;google devoice;2023-10-12T14:01:27;2023-10-12T23:54:10;lest ugh;book
3;er nor;Reina_Haley@hotmail.com;yet to;justify;2023-10-13T03:11:54;2023-10-13T07:03:09;defenseless anxiously;run socialise foolishly
4;whimsical wet;Clare46@hotmail.com;times whenever;typify;2023-10-12T16:34:18;2023-10-12T17:56:51;maniac of;mid upright
5;rebellion knowingly star;Dorothy56@gmail.com;indeed calmly furthermore;dimly;2023-10-13T03:46:37;2023-10-12T10:43:22;assured;likewise
6;but;Vicente.Kutch@yahoo.com;shoddy clobber sentimental;rotating regain;2023-10-12T13:29:10;2023-10-12T21:50:13;out;loyal along athwart
7;fooey rebut hence;Tessie.Trantow92@yahoo.com;under wrongly;jovially everlasting yuck;2023-10-13T04:21:52;2023-10-12T21:41:09;feast high-level irresponsible;cheerful
8;nor inbox rhetoric;Lionel_Spinka@hotmail.com;weatherise;weakly misfire;2023-10-12T16:44:20;2023-10-12T22:01:12;indeed;if but yippee
9;while;Peggie.Konopelski@yahoo.com;kindhearted second;measure;2023-10-12T11:55:41;2023-10-12T15:13:20;anenst;cramp aha mortified
10;boulevard;Elbert.Berge50@hotmail.com;phooey devalue;quickly regal boot;2023-10-12T14:49:42;2023-10-12T16:10:22;hastily;down whenever peacoat
